"filename", "language", "JavaScript", "JSON", "Markdown", "Python", "JavaScript React", "HTML", "pip requirements", "C", "comment", "blank", "total"
"/Users/neil/Code/VTTS/README.md", "Markdown", 0, 0, 6, 0, 0, 0, 0, 0, 0, 0, 6
"/Users/neil/Code/VTTS/TTS/.models.json", "JSON", 0, 938, 0, 0, 0, 0, 0, 0, 0, 1, 939
"/Users/neil/Code/VTTS/TTS/__init__.py", "Python", 0, 0, 0, 4, 0, 0, 0, 0, 0, 3, 7
"/Users/neil/Code/VTTS/TTS/api.py", "Python", 0, 0, 0, 236, 0, 0, 0, 0, 192, 31, 459
"/Users/neil/Code/VTTS/TTS/bin/__init__.py", "Python", 0, 0, 0, 0, 0, 0, 0, 0, 0, 1, 1
"/Users/neil/Code/VTTS/TTS/bin/collect_env_info.py", "Python", 0, 0, 0, 34, 0, 0, 0, 0, 1, 14, 49
"/Users/neil/Code/VTTS/TTS/bin/compute_attention_masks.py", "Python", 0, 0, 0, 123, 0, 0, 0, 0, 26, 17, 166
"/Users/neil/Code/VTTS/TTS/bin/compute_embeddings.py", "Python", 0, 0, 0, 167, 0, 0, 0, 0, 11, 20, 198
"/Users/neil/Code/VTTS/TTS/bin/compute_statistics.py", "Python", 0, 0, 0, 68, 0, 0, 0, 0, 11, 18, 97
"/Users/neil/Code/VTTS/TTS/bin/eval_encoder.py", "Python", 0, 0, 0, 64, 0, 0, 0, 0, 5, 20, 89
"/Users/neil/Code/VTTS/TTS/bin/extract_tts_spectrograms.py", "Python", 0, 0, 0, 230, 0, 0, 0, 0, 17, 41, 288
"/Users/neil/Code/VTTS/TTS/bin/find_unique_chars.py", "Python", 0, 0, 0, 28, 0, 0, 0, 0, 7, 11, 46
"/Users/neil/Code/VTTS/TTS/bin/find_unique_phonemes.py", "Python", 0, 0, 0, 49, 0, 0, 0, 0, 8, 18, 75
"/Users/neil/Code/VTTS/TTS/bin/remove_silence_using_vad.py", "Python", 0, 0, 0, 100, 0, 0, 0, 0, 8, 17, 125
"/Users/neil/Code/VTTS/TTS/bin/resample.py", "Python", 0, 0, 0, 66, 0, 0, 0, 0, 8, 17, 91
"/Users/neil/Code/VTTS/TTS/bin/synthesize.py", "Python", 0, 0, 0, 307, 0, 0, 0, 0, 145, 43, 495
"/Users/neil/Code/VTTS/TTS/bin/train_encoder.py", "Python", 0, 0, 0, 241, 0, 0, 0, 0, 38, 54, 333
"/Users/neil/Code/VTTS/TTS/bin/train_tts.py", "Python", 0, 0, 0, 47, 0, 0, 0, 0, 10, 15, 72
"/Users/neil/Code/VTTS/TTS/bin/train_vocoder.py", "Python", 0, 0, 0, 49, 0, 0, 0, 0, 13, 16, 78
"/Users/neil/Code/VTTS/TTS/bin/tune_wavegrad.py", "Python", 0, 0, 0, 86, 0, 0, 0, 0, 6, 12, 104
"/Users/neil/Code/VTTS/TTS/build/tts/xref-tts.html", "HTML", 0, 0, 0, 0, 0, 243181, 0, 0, 0, 37956, 281137
"/Users/neil/Code/VTTS/TTS/config/__init__.py", "Python", 0, 0, 0, 72, 0, 0, 0, 0, 46, 18, 136
"/Users/neil/Code/VTTS/TTS/config/shared_configs.py", "Python", 0, 0, 0, 94, 0, 0, 0, 0, 161, 14, 269
"/Users/neil/Code/VTTS/TTS/encoder/README.md", "Markdown", 0, 0, 11, 0, 0, 0, 0, 0, 0, 8, 19
"/Users/neil/Code/VTTS/TTS/encoder/__init__.py", "Python", 0, 0, 0, 0, 0, 0, 0, 0, 0, 1, 1
"/Users/neil/Code/VTTS/TTS/encoder/configs/base_encoder_config.py", "Python", 0, 0, 0, 45, 0, 0, 0, 0, 5, 12, 62
"/Users/neil/Code/VTTS/TTS/encoder/configs/emotion_encoder_config.py", "Python", 0, 0, 0, 7, 0, 0, 0, 0, 1, 5, 13
"/Users/neil/Code/VTTS/TTS/encoder/configs/speaker_encoder_config.py", "Python", 0, 0, 0, 6, 0, 0, 0, 0, 1, 5, 12
"/Users/neil/Code/VTTS/TTS/encoder/dataset.py", "Python", 0, 0, 0, 105, 0, 0, 0, 0, 14, 29, 148
"/Users/neil/Code/VTTS/TTS/encoder/losses.py", "Python", 0, 0, 0, 122, 0, 0, 0, 0, 66, 39, 227
"/Users/neil/Code/VTTS/TTS/encoder/models/base_encoder.py", "Python", 0, 0, 0, 108, 0, 0, 0, 0, 28, 26, 162
"/Users/neil/Code/VTTS/TTS/encoder/models/lstm.py", "Python", 0, 0, 0, 73, 0, 0, 0, 0, 11, 16, 100
"/Users/neil/Code/VTTS/TTS/encoder/models/resnet.py", "Python", 0, 0, 0, 142, 0, 0, 0, 0, 17, 40, 199
"/Users/neil/Code/VTTS/TTS/encoder/requirements.txt", "pip requirements", 0, 0, 0, 0, 0, 0, 2, 0, 0, 1, 3
"/Users/neil/Code/VTTS/TTS/encoder/utils/__init__.py", "Python", 0, 0, 0, 0, 0, 0, 0, 0, 0, 1, 1
"/Users/neil/Code/VTTS/TTS/encoder/utils/generic_utils.py", "Python", 0, 0, 0, 105, 0, 0, 0, 0, 3, 29, 137
"/Users/neil/Code/VTTS/TTS/encoder/utils/prepare_voxceleb.py", "Python", 0, 0, 0, 134, 0, 0, 0, 0, 56, 30, 220
"/Users/neil/Code/VTTS/TTS/encoder/utils/training.py", "Python", 0, 0, 0, 62, 0, 0, 0, 0, 24, 14, 100
"/Users/neil/Code/VTTS/TTS/encoder/utils/visual.py", "Python", 0, 0, 0, 42, 0, 0, 0, 0, 1, 8, 51
"/Users/neil/Code/VTTS/TTS/model.py", "Python", 0, 0, 0, 20, 0, 0, 0, 0, 32, 8, 60
"/Users/neil/Code/VTTS/TTS/server/README.md", "Markdown", 0, 0, 12, 0, 0, 0, 0, 0, 0, 7, 19
"/Users/neil/Code/VTTS/TTS/server/__init__.py", "Python", 0, 0, 0, 0, 0, 0, 0, 0, 0, 1, 1
"/Users/neil/Code/VTTS/TTS/server/conf.json", "JSON", 0, 12, 0, 0, 0, 0, 0, 0, 0, 1, 13
"/Users/neil/Code/VTTS/TTS/server/server.py", "Python", 0, 0, 0, 187, 0, 0, 0, 0, 25, 47, 259
"/Users/neil/Code/VTTS/TTS/server/templates/details.html", "HTML", 0, 0, 0, 0, 0, 91, 0, 0, 2, 38, 131
"/Users/neil/Code/VTTS/TTS/server/templates/index.html", "HTML", 0, 0, 0, 0, 0, 111, 0, 0, 24, 19, 154
"/Users/neil/Code/VTTS/TTS/tts.py", "Python", 0, 0, 0, 1, 0, 0, 0, 0, 1, 0, 2
"/Users/neil/Code/VTTS/TTS/tts/__init__.py", "Python", 0, 0, 0, 0, 0, 0, 0, 0, 0, 1, 1
"/Users/neil/Code/VTTS/TTS/tts/configs/__init__.py", "Python", 0, 0, 0, 3, 0, 0, 0, 0, 12, 3, 18
"/Users/neil/Code/VTTS/TTS/tts/configs/align_tts_config.py", "Python", 0, 0, 0, 34, 0, 0, 0, 0, 64, 10, 108
"/Users/neil/Code/VTTS/TTS/tts/configs/bark_config.py", "Python", 0, 0, 0, 65, 0, 0, 0, 0, 33, 8, 106
"/Users/neil/Code/VTTS/TTS/tts/configs/delightful_tts_config.py", "Python", 0, 0, 0, 85, 0, 0, 0, 0, 67, 19, 171
"/Users/neil/Code/VTTS/TTS/tts/configs/fast_pitch_config.py", "Python", 0, 0, 0, 58, 0, 0, 0, 0, 111, 15, 184
"/Users/neil/Code/VTTS/TTS/tts/configs/fast_speech_config.py", "Python", 0, 0, 0, 58, 0, 0, 0, 0, 105, 15, 178
"/Users/neil/Code/VTTS/TTS/tts/configs/fastspeech2_config.py", "Python", 0, 0, 0, 61, 0, 0, 0, 0, 122, 16, 199
"/Users/neil/Code/VTTS/TTS/tts/configs/glow_tts_config.py", "Python", 0, 0, 0, 73, 0, 0, 0, 0, 98, 12, 183
"/Users/neil/Code/VTTS/TTS/tts/configs/neuralhmm_tts_config.py", "Python", 0, 0, 0, 56, 0, 0, 0, 0, 99, 16, 171
"/Users/neil/Code/VTTS/TTS/tts/configs/overflow_config.py", "Python", 0, 0, 0, 66, 0, 0, 0, 0, 119, 17, 202
"/Users/neil/Code/VTTS/TTS/tts/configs/shared_configs.py", "Python", 0, 0, 0, 98, 0, 0, 0, 0, 228, 19, 345
"/Users/neil/Code/VTTS/TTS/tts/configs/speedy_speech_config.py", "Python", 0, 0, 0, 79, 0, 0, 0, 0, 101, 15, 195
"/Users/neil/Code/VTTS/TTS/tts/configs/tacotron2_config.py", "Python", 0, 0, 0, 8, 0, 0, 0, 0, 9, 5, 22
"/Users/neil/Code/VTTS/TTS/tts/configs/tacotron_config.py", "Python", 0, 0, 0, 80, 0, 0, 0, 0, 142, 14, 236
"/Users/neil/Code/VTTS/TTS/tts/configs/tortoise_config.py", "Python", 0, 0, 0, 18, 0, 0, 0, 0, 63, 7, 88
"/Users/neil/Code/VTTS/TTS/tts/configs/vits_config.py", "Python", 0, 0, 0, 55, 0, 0, 0, 0, 108, 14, 177
"/Users/neil/Code/VTTS/TTS/tts/configs/xtts_config.py", "Python", 0, 0, 0, 41, 0, 0, 0, 0, 60, 7, 108
"/Users/neil/Code/VTTS/TTS/tts/datasets/__init__.py", "Python", 0, 0, 0, 113, 0, 0, 0, 0, 48, 21, 182
"/Users/neil/Code/VTTS/TTS/tts/datasets/dataset.py", "Python", 0, 0, 0, 665, 0, 0, 0, 0, 187, 122, 974
"/Users/neil/Code/VTTS/TTS/tts/datasets/formatters.py", "Python", 0, 0, 0, 492, 0, 0, 0, 0, 95, 69, 656
"/Users/neil/Code/VTTS/TTS/tts/layers/__init__.py", "Python", 0, 0, 0, 1, 0, 0, 0, 0, 0, 1, 2
"/Users/neil/Code/VTTS/TTS/tts/layers/align_tts/__init__.py", "Python", 0, 0, 0, 0, 0, 0, 0, 0, 0, 1, 1
"/Users/neil/Code/VTTS/TTS/tts/layers/align_tts/duration_predictor.py", "Python", 0, 0, 0, 16, 0, 0, 0, 0, 1, 5, 22
"/Users/neil/Code/VTTS/TTS/tts/layers/align_tts/mdn.py", "Python", 0, 0, 0, 21, 0, 0, 0, 0, 5, 5, 31
"/Users/neil/Code/VTTS/TTS/tts/layers/bark/__init__.py", "Python", 0, 0, 0, 0, 0, 0, 0, 0, 0, 1, 1
"/Users/neil/Code/VTTS/TTS/tts/layers/bark/hubert/__init__.py", "Python", 0, 0, 0, 0, 0, 0, 0, 0, 0, 1, 1
"/Users/neil/Code/VTTS/TTS/tts/layers/bark/hubert/hubert_manager.py", "Python", 0, 0, 0, 29, 0, 0, 0, 0, 1, 6, 36
"/Users/neil/Code/VTTS/TTS/tts/layers/bark/hubert/kmeans_hubert.py", "Python", 0, 0, 0, 51, 0, 0, 0, 0, 11, 21, 83
"/Users/neil/Code/VTTS/TTS/tts/layers/bark/hubert/tokenizer.py", "Python", 0, 0, 0, 145, 0, 0, 0, 0, 18, 33, 196
"/Users/neil/Code/VTTS/TTS/tts/layers/bark/inference_funcs.py", "Python", 0, 0, 0, 475, 0, 0, 0, 0, 85, 47, 607
"/Users/neil/Code/VTTS/TTS/tts/layers/bark/load_model.py", "Python", 0, 0, 0, 127, 0, 0, 0, 0, 4, 30, 161
"/Users/neil/Code/VTTS/TTS/tts/layers/bark/model.py", "Python", 0, 0, 0, 165, 0, 0, 0, 0, 29, 40, 234
"/Users/neil/Code/VTTS/TTS/tts/layers/bark/model_fine.py", "Python", 0, 0, 0, 104, 0, 0, 0, 0, 20, 19, 143
"/Users/neil/Code/VTTS/TTS/tts/layers/delightful_tts/__init__.py", "Python", 0, 0, 0, 0, 0, 0, 0, 0, 0, 1, 1
"/Users/neil/Code/VTTS/TTS/tts/layers/delightful_tts/acoustic_model.py", "Python", 0, 0, 0, 432, 0, 0, 0, 0, 62, 70, 564
"/Users/neil/Code/VTTS/TTS/tts/layers/delightful_tts/conformer.py", "Python", 0, 0, 0, 269, 0, 0, 0, 0, 141, 41, 451
"/Users/neil/Code/VTTS/TTS/tts/layers/delightful_tts/conv_layers.py", "Python", 0, 0, 0, 503, 0, 0, 0, 0, 68, 101, 672
"/Users/neil/Code/VTTS/TTS/tts/layers/delightful_tts/encoders.py", "Python", 0, 0, 0, 168, 0, 0, 0, 0, 58, 36, 262
"/Users/neil/Code/VTTS/TTS/tts/layers/delightful_tts/energy_adaptor.py", "Python", 0, 0, 0, 46, 0, 0, 0, 0, 29, 8, 83
"/Users/neil/Code/VTTS/TTS/tts/layers/delightful_tts/kernel_predictor.py", "Python", 0, 0, 0, 105, 0, 0, 0, 0, 13, 11, 129
"/Users/neil/Code/VTTS/TTS/tts/layers/delightful_tts/networks.py", "Python", 0, 0, 0, 132, 0, 0, 0, 0, 43, 45, 220
"/Users/neil/Code/VTTS/TTS/tts/layers/delightful_tts/phoneme_prosody_predictor.py", "Python", 0, 0, 0, 44, 0, 0, 0, 0, 16, 6, 66
"/Users/neil/Code/VTTS/TTS/tts/layers/delightful_tts/pitch_adaptor.py", "Python", 0, 0, 0, 53, 0, 0, 0, 0, 28, 8, 89
"/Users/neil/Code/VTTS/TTS/tts/layers/delightful_tts/variance_predictor.py", "Python", 0, 0, 0, 38, 0, 0, 0, 0, 23, 8, 69
"/Users/neil/Code/VTTS/TTS/tts/layers/feed_forward/__init__.py", "Python", 0, 0, 0, 0, 0, 0, 0, 0, 0, 1, 1
"/Users/neil/Code/VTTS/TTS/tts/layers/feed_forward/decoder.py", "Python", 0, 0, 0, 104, 0, 0, 0, 0, 102, 23, 229
"/Users/neil/Code/VTTS/TTS/tts/layers/feed_forward/duration_predictor.py", "Python", 0, 0, 0, 18, 0, 0, 0, 0, 17, 7, 42
"/Users/neil/Code/VTTS/TTS/tts/layers/feed_forward/encoder.py", "Python", 0, 0, 0, 74, 0, 0, 0, 0, 73, 16, 163
"/Users/neil/Code/VTTS/TTS/tts/layers/generic/__init__.py", "Python", 0, 0, 0, 0, 0, 0, 0, 0, 0, 1, 1
"/Users/neil/Code/VTTS/TTS/tts/layers/generic/aligner.py", "Python", 0, 0, 0, 59, 0, 0, 0, 0, 22, 12, 93
"/Users/neil/Code/VTTS/TTS/tts/layers/generic/gated_conv.py", "Python", 0, 0, 0, 24, 0, 0, 0, 0, 8, 6, 38
"/Users/neil/Code/VTTS/TTS/tts/layers/generic/normalization.py", "Python", 0, 0, 0, 67, 0, 0, 0, 0, 31, 26, 124
"/Users/neil/Code/VTTS/TTS/tts/layers/generic/pos_encoding.py", "Python", 0, 0, 0, 47, 0, 0, 0, 0, 16, 7, 70
"/Users/neil/Code/VTTS/TTS/tts/layers/generic/res_conv_bn.py", "Python", 0, 0, 0, 68, 0, 0, 0, 0, 43, 17, 128
"/Users/neil/Code/VTTS/TTS/tts/layers/generic/time_depth_sep_conv.py", "Python", 0, 0, 0, 72, 0, 0, 0, 0, 2, 11, 85
"/Users/neil/Code/VTTS/TTS/tts/layers/generic/transformer.py", "Python", 0, 0, 0, 61, 0, 0, 0, 0, 16, 13, 90
"/Users/neil/Code/VTTS/TTS/tts/layers/generic/wavenet.py", "Python", 0, 0, 0, 122, 0, 0, 0, 0, 39, 16, 177
"/Users/neil/Code/VTTS/TTS/tts/layers/glow_tts/__init__.py", "Python", 0, 0, 0, 0, 0, 0, 0, 0, 0, 1, 1
"/Users/neil/Code/VTTS/TTS/tts/layers/glow_tts/decoder.py", "Python", 0, 0, 0, 88, 0, 0, 0, 0, 36, 18, 142
"/Users/neil/Code/VTTS/TTS/tts/layers/glow_tts/duration_predictor.py", "Python", 0, 0, 0, 37, 0, 0, 0, 0, 22, 11, 70
"/Users/neil/Code/VTTS/TTS/tts/layers/glow_tts/encoder.py", "Python", 0, 0, 0, 90, 0, 0, 0, 0, 82, 8, 180
"/Users/neil/Code/VTTS/TTS/tts/layers/glow_tts/glow.py", "Python", 0, 0, 0, 133, 0, 0, 0, 0, 71, 30, 234
"/Users/neil/Code/VTTS/TTS/tts/layers/glow_tts/transformer.py", "Python", 0, 0, 0, 247, 0, 0, 0, 0, 150, 36, 433
"/Users/neil/Code/VTTS/TTS/tts/layers/losses.py", "Python", 0, 0, 0, 575, 0, 0, 0, 0, 196, 119, 890
"/Users/neil/Code/VTTS/TTS/tts/layers/overflow/__init__.py", "Python", 0, 0, 0, 0, 0, 0, 0, 0, 0, 1, 1
"/Users/neil/Code/VTTS/TTS/tts/layers/overflow/common_layers.py", "Python", 0, 0, 0, 184, 0, 0, 0, 0, 99, 41, 324
"/Users/neil/Code/VTTS/TTS/tts/layers/overflow/decoder.py", "Python", 0, 0, 0, 47, 0, 0, 0, 0, 26, 9, 82
"/Users/neil/Code/VTTS/TTS/tts/layers/overflow/neural_hmm.py", "Python", 0, 0, 0, 255, 0, 0, 0, 0, 235, 64, 554
"/Users/neil/Code/VTTS/TTS/tts/layers/overflow/plotting_utils.py", "Python", 0, 0, 0, 44, 0, 0, 0, 0, 26, 10, 80
"/Users/neil/Code/VTTS/TTS/tts/layers/tacotron/__init__.py", "Python", 0, 0, 0, 0, 0, 0, 0, 0, 0, 1, 1
"/Users/neil/Code/VTTS/TTS/tts/layers/tacotron/attentions.py", "Python", 0, 0, 0, 302, 0, 0, 0, 0, 133, 52, 487
"/Users/neil/Code/VTTS/TTS/tts/layers/tacotron/capacitron_layers.py", "Python", 0, 0, 0, 133, 0, 0, 0, 0, 44, 29, 206
"/Users/neil/Code/VTTS/TTS/tts/layers/tacotron/common_layers.py", "Python", 0, 0, 0, 58, 0, 0, 0, 0, 47, 15, 120
"/Users/neil/Code/VTTS/TTS/tts/layers/tacotron/gst_layers.py", "Python", 0, 0, 0, 91, 0, 0, 0, 0, 28, 31, 150
"/Users/neil/Code/VTTS/TTS/tts/layers/tacotron/tacotron.py", "Python", 0, 0, 0, 310, 0, 0, 0, 0, 147, 47, 504
"/Users/neil/Code/VTTS/TTS/tts/layers/tacotron/tacotron2.py", "Python", 0, 0, 0, 259, 0, 0, 0, 0, 105, 51, 415
"/Users/neil/Code/VTTS/TTS/tts/layers/tortoise/arch_utils.py", "Python", 0, 0, 0, 323, 0, 0, 0, 0, 52, 59, 434
"/Users/neil/Code/VTTS/TTS/tts/layers/tortoise/audio_utils.py", "Python", 0, 0, 0, 127, 0, 0, 0, 0, 13, 38, 178
"/Users/neil/Code/VTTS/TTS/tts/layers/tortoise/autoregressive.py", "Python", 0, 0, 0, 507, 0, 0, 0, 0, 64, 61, 632
"/Users/neil/Code/VTTS/TTS/tts/layers/tortoise/classifier.py", "Python", 0, 0, 0, 128, 0, 0, 0, 0, 1, 16, 145
"/Users/neil/Code/VTTS/TTS/tts/layers/tortoise/clvp.py", "Python", 0, 0, 0, 130, 0, 0, 0, 0, 6, 24, 160
"/Users/neil/Code/VTTS/TTS/tts/layers/tortoise/diffusion.py", "Python", 0, 0, 0, 781, 0, 0, 0, 0, 347, 115, 1243
"/Users/neil/Code/VTTS/TTS/tts/layers/tortoise/diffusion_decoder.py", "Python", 0, 0, 0, 334, 0, 0, 0, 0, 37, 45, 416
"/Users/neil/Code/VTTS/TTS/tts/layers/tortoise/dpm_solver.py", "Python", 0, 0, 0, 910, 0, 0, 0, 0, 587, 66, 1563
"/Users/neil/Code/VTTS/TTS/tts/layers/tortoise/random_latent_generator.py", "Python", 0, 0, 0, 44, 0, 0, 0, 0, 0, 12, 56
"/Users/neil/Code/VTTS/TTS/tts/layers/tortoise/tokenizer.py", "Python", 0, 0, 0, 29, 0, 0, 0, 0, 0, 9, 38
"/Users/neil/Code/VTTS/TTS/tts/layers/tortoise/transformer.py", "Python", 0, 0, 0, 163, 0, 0, 0, 0, 7, 60, 230
"/Users/neil/Code/VTTS/TTS/tts/layers/tortoise/utils.py", "Python", 0, 0, 0, 34, 0, 0, 0, 0, 6, 7, 47
"/Users/neil/Code/VTTS/TTS/tts/layers/tortoise/vocoder.py", "Python", 0, 0, 0, 300, 0, 0, 0, 0, 47, 59, 406
"/Users/neil/Code/VTTS/TTS/tts/layers/tortoise/wav2vec_alignment.py", "Python", 0, 0, 0, 117, 0, 0, 0, 0, 11, 23, 151
"/Users/neil/Code/VTTS/TTS/tts/layers/tortoise/xtransformers.py", "Python", 0, 0, 0, 936, 0, 0, 0, 0, 29, 295, 1260
"/Users/neil/Code/VTTS/TTS/tts/layers/vits/discriminator.py", "Python", 0, 0, 0, 49, 0, 0, 0, 0, 31, 10, 90
"/Users/neil/Code/VTTS/TTS/tts/layers/vits/networks.py", "Python", 0, 0, 0, 183, 0, 0, 0, 0, 72, 34, 289
"/Users/neil/Code/VTTS/TTS/tts/layers/vits/stochastic_duration_predictor.py", "Python", 0, 0, 0, 171, 0, 0, 0, 0, 81, 43, 295
"/Users/neil/Code/VTTS/TTS/tts/layers/vits/transforms.py", "Python", 0, 0, 0, 167, 0, 0, 0, 0, 1, 35, 203
"/Users/neil/Code/VTTS/TTS/tts/layers/xtts/dvae.py", "Python", 0, 0, 0, 316, 0, 0, 0, 0, 14, 64, 394
"/Users/neil/Code/VTTS/TTS/tts/layers/xtts/gpt.py", "Python", 0, 0, 0, 470, 0, 0, 0, 0, 72, 70, 612
"/Users/neil/Code/VTTS/TTS/tts/layers/xtts/gpt_inference.py", "Python", 0, 0, 0, 111, 0, 0, 0, 0, 10, 16, 137
"/Users/neil/Code/VTTS/TTS/tts/layers/xtts/hifigan_decoder.py", "Python", 0, 0, 0, 520, 0, 0, 0, 0, 126, 87, 733
"/Users/neil/Code/VTTS/TTS/tts/layers/xtts/latent_encoder.py", "Python", 0, 0, 0, 107, 0, 0, 0, 0, 11, 24, 142
"/Users/neil/Code/VTTS/TTS/tts/layers/xtts/perceiver_encoder.py", "Python", 0, 0, 0, 207, 0, 0, 0, 0, 21, 92, 320
"/Users/neil/Code/VTTS/TTS/tts/layers/xtts/stream_generator.py", "Python", 0, 0, 0, 612, 0, 0, 0, 0, 237, 82, 931
"/Users/neil/Code/VTTS/TTS/tts/layers/xtts/tokenizer.py", "Python", 0, 0, 0, 713, 0, 0, 0, 0, 57, 74, 844
"/Users/neil/Code/VTTS/TTS/tts/layers/xtts/trainer/dataset.py", "Python", 0, 0, 0, 181, 0, 0, 0, 0, 26, 33, 240
"/Users/neil/Code/VTTS/TTS/tts/layers/xtts/trainer/gpt_trainer.py", "Python", 0, 0, 0, 372, 0, 0, 0, 0, 71, 62, 505
"/Users/neil/Code/VTTS/TTS/tts/layers/xtts/xtts_manager.py", "Python", 0, 0, 0, 25, 0, 0, 0, 0, 0, 10, 35
"/Users/neil/Code/VTTS/TTS/tts/layers/xtts/zh_num2words.py", "Python", 0, 0, 0, 868, 0, 0, 0, 0, 176, 166, 1210
"/Users/neil/Code/VTTS/TTS/tts/models/__init__.py", "Python", 0, 0, 0, 10, 0, 0, 0, 0, 1, 4, 15
"/Users/neil/Code/VTTS/TTS/tts/models/align_tts.py", "Python", 0, 0, 0, 279, 0, 0, 0, 0, 119, 51, 449
"/Users/neil/Code/VTTS/TTS/tts/models/bark.py", "Python", 0, 0, 0, 189, 0, 0, 0, 0, 71, 25, 285
"/Users/neil/Code/VTTS/TTS/tts/models/base_tacotron.py", "Python", 0, 0, 0, 200, 0, 0, 0, 0, 67, 39, 306
"/Users/neil/Code/VTTS/TTS/tts/models/base_tts.py", "Python", 0, 0, 0, 342, 0, 0, 0, 0, 75, 43, 460
"/Users/neil/Code/VTTS/TTS/tts/models/delightful_tts.py", "Python", 0, 0, 0, 1266, 0, 0, 0, 0, 259, 246, 1771
"/Users/neil/Code/VTTS/TTS/tts/models/forward_tts.py", "Python", 0, 0, 0, 437, 0, 0, 0, 0, 368, 58, 863
"/Users/neil/Code/VTTS/TTS/tts/models/glow_tts.py", "Python", 0, 0, 0, 357, 0, 0, 0, 0, 152, 49, 558
"/Users/neil/Code/VTTS/TTS/tts/models/neuralhmm_tts.py", "Python", 0, 0, 0, 244, 0, 0, 0, 0, 96, 46, 386
"/Users/neil/Code/VTTS/TTS/tts/models/overflow.py", "Python", 0, 0, 0, 263, 0, 0, 0, 0, 92, 47, 402
"/Users/neil/Code/VTTS/TTS/tts/models/tacotron.py", "Python", 0, 0, 0, 300, 0, 0, 0, 0, 72, 38, 410
"/Users/neil/Code/VTTS/TTS/tts/models/tacotron2.py", "Python", 0, 0, 0, 295, 0, 0, 0, 0, 89, 50, 434
"/Users/neil/Code/VTTS/TTS/tts/models/tortoise.py", "Python", 0, 0, 0, 622, 0, 0, 0, 0, 208, 82, 912
"/Users/neil/Code/VTTS/TTS/tts/models/vits.py", "Python", 0, 0, 0, 1250, 0, 0, 0, 0, 509, 241, 2000
"/Users/neil/Code/VTTS/TTS/tts/models/xtts.py", "Python", 0, 0, 0, 528, 0, 0, 0, 0, 184, 80, 792
"/Users/neil/Code/VTTS/TTS/tts/utils/__init__.py", "Python", 0, 0, 0, 0, 0, 0, 0, 0, 0, 1, 1
"/Users/neil/Code/VTTS/TTS/tts/utils/assets/tortoise/tokenizer.json", "JSON", 0, 1, 0, 0, 0, 0, 0, 0, 0, 0, 1
"/Users/neil/Code/VTTS/TTS/tts/utils/data.py", "Python", 0, 0, 0, 46, 0, 0, 0, 0, 16, 18, 80
"/Users/neil/Code/VTTS/TTS/tts/utils/fairseq.py", "Python", 0, 0, 0, 46, 0, 0, 0, 0, 0, 3, 49
"/Users/neil/Code/VTTS/TTS/tts/utils/helpers.py", "Python", 0, 0, 0, 156, 0, 0, 0, 0, 60, 43, 259
"/Users/neil/Code/VTTS/TTS/tts/utils/languages.py", "Python", 0, 0, 0, 67, 0, 0, 0, 0, 40, 19, 126
"/Users/neil/Code/VTTS/TTS/tts/utils/managers.py", "Python", 0, 0, 0, 195, 0, 0, 0, 0, 142, 47, 384
"/Users/neil/Code/VTTS/TTS/tts/utils/measures.py", "Python", 0, 0, 0, 5, 0, 0, 0, 0, 10, 1, 16
"/Users/neil/Code/VTTS/TTS/tts/utils/monotonic_align/__init__.py", "Python", 0, 0, 0, 0, 0, 0, 0, 0, 0, 1, 1
"/Users/neil/Code/VTTS/TTS/tts/utils/monotonic_align/core.c", "C", 0, 0, 0, 0, 0, 0, 0, 13882, 8053, 1693, 23628
"/Users/neil/Code/VTTS/TTS/tts/utils/monotonic_align/setup.py", "Python", 0, 0, 0, 0, 0, 0, 0, 0, 6, 2, 8
"/Users/neil/Code/VTTS/TTS/tts/utils/speakers.py", "Python", 0, 0, 0, 129, 0, 0, 0, 0, 70, 24, 223
"/Users/neil/Code/VTTS/TTS/tts/utils/ssim.py", "Python", 0, 0, 0, 191, 0, 0, 0, 0, 141, 52, 384
"/Users/neil/Code/VTTS/TTS/tts/utils/synthesis.py", "Python", 0, 0, 0, 196, 0, 0, 0, 0, 110, 38, 344
"/Users/neil/Code/VTTS/TTS/tts/utils/text/__init__.py", "Python", 0, 0, 0, 1, 0, 0, 0, 0, 0, 1, 2
"/Users/neil/Code/VTTS/TTS/tts/utils/text/bangla/__init__.py", "Python", 0, 0, 0, 0, 0, 0, 0, 0, 0, 1, 1
"/Users/neil/Code/VTTS/TTS/tts/utils/text/bangla/phonemizer.py", "Python", 0, 0, 0, 67, 0, 0, 0, 0, 32, 23, 122
"/Users/neil/Code/VTTS/TTS/tts/utils/text/belarusian/__init__.py", "Python", 0, 0, 0, 0, 0, 0, 0, 0, 0, 1, 1
"/Users/neil/Code/VTTS/TTS/tts/utils/text/belarusian/phonemizer.py", "Python", 0, 0, 0, 24, 0, 0, 0, 0, 2, 12, 38
"/Users/neil/Code/VTTS/TTS/tts/utils/text/characters.py", "Python", 0, 0, 0, 305, 0, 0, 0, 0, 137, 60, 502
"/Users/neil/Code/VTTS/TTS/tts/utils/text/chinese_mandarin/__init__.py", "Python", 0, 0, 0, 0, 0, 0, 0, 0, 0, 1, 1
"/Users/neil/Code/VTTS/TTS/tts/utils/text/chinese_mandarin/numbers.py", "Python", 0, 0, 0, 76, 0, 0, 0, 0, 42, 10, 128
"/Users/neil/Code/VTTS/TTS/tts/utils/text/chinese_mandarin/phonemizer.py", "Python", 0, 0, 0, 25, 0, 0, 0, 0, 0, 13, 38
"/Users/neil/Code/VTTS/TTS/tts/utils/text/chinese_mandarin/pinyinToPhonemes.py", "Python", 0, 0, 0, 414, 0, 0, 0, 0, 5, 1, 420
"/Users/neil/Code/VTTS/TTS/tts/utils/text/cleaners.py", "Python", 0, 0, 0, 97, 0, 0, 0, 0, 35, 40, 172
"/Users/neil/Code/VTTS/TTS/tts/utils/text/cmudict.py", "Python", 0, 0, 0, 134, 0, 0, 0, 0, 3, 15, 152
"/Users/neil/Code/VTTS/TTS/tts/utils/text/english/__init__.py", "Python", 0, 0, 0, 0, 0, 0, 0, 0, 0, 1, 1
"/Users/neil/Code/VTTS/TTS/tts/utils/text/english/abbreviations.py", "Python", 0, 0, 0, 24, 0, 0, 0, 0, 1, 2, 27
"/Users/neil/Code/VTTS/TTS/tts/utils/text/english/number_norm.py", "Python", 0, 0, 0, 78, 0, 0, 0, 0, 2, 18, 98
"/Users/neil/Code/VTTS/TTS/tts/utils/text/english/time_norm.py", "Python", 0, 0, 0, 33, 0, 0, 0, 0, 4, 11, 48
"/Users/neil/Code/VTTS/TTS/tts/utils/text/french/__init__.py", "Python", 0, 0, 0, 0, 0, 0, 0, 0, 0, 1, 1
"/Users/neil/Code/VTTS/TTS/tts/utils/text/french/abbreviations.py", "Python", 0, 0, 0, 46, 0, 0, 0, 0, 1, 2, 49
"/Users/neil/Code/VTTS/TTS/tts/utils/text/japanese/__init__.py", "Python", 0, 0, 0, 0, 0, 0, 0, 0, 0, 1, 1
"/Users/neil/Code/VTTS/TTS/tts/utils/text/japanese/phonemizer.py", "Python", 0, 0, 0, 433, 0, 0, 0, 0, 8, 30, 471
"/Users/neil/Code/VTTS/TTS/tts/utils/text/korean/__init__.py", "Python", 0, 0, 0, 0, 0, 0, 0, 0, 0, 1, 1
"/Users/neil/Code/VTTS/TTS/tts/utils/text/korean/ko_dictionary.py", "Python", 0, 0, 0, 40, 0, 0, 0, 0, 2, 3, 45
"/Users/neil/Code/VTTS/TTS/tts/utils/text/korean/korean.py", "Python", 0, 0, 0, 22, 0, 0, 0, 0, 2, 9, 33
"/Users/neil/Code/VTTS/TTS/tts/utils/text/korean/phonemizer.py", "Python", 0, 0, 0, 18, 0, 0, 0, 0, 10, 9, 37
"/Users/neil/Code/VTTS/TTS/tts/utils/text/phonemizers/__init__.py", "Python", 0, 0, 0, 48, 0, 0, 0, 0, 15, 17, 80
"/Users/neil/Code/VTTS/TTS/tts/utils/text/phonemizers/bangla_phonemizer.py", "Python", 0, 0, 0, 33, 0, 0, 0, 0, 15, 15, 63
"/Users/neil/Code/VTTS/TTS/tts/utils/text/phonemizers/base.py", "Python", 0, 0, 0, 58, 0, 0, 0, 0, 64, 19, 141
"/Users/neil/Code/VTTS/TTS/tts/utils/text/phonemizers/belarusian_phonemizer.py", "Python", 0, 0, 0, 32, 0, 0, 0, 0, 9, 15, 56
"/Users/neil/Code/VTTS/TTS/tts/utils/text/phonemizers/espeak_wrapper.py", "Python", 0, 0, 0, 161, 0, 0, 0, 0, 63, 41, 265
"/Users/neil/Code/VTTS/TTS/tts/utils/text/phonemizers/gruut_wrapper.py", "Python", 0, 0, 0, 67, 0, 0, 0, 0, 62, 23, 152
"/Users/neil/Code/VTTS/TTS/tts/utils/text/phonemizers/ja_jp_phonemizer.py", "Python", 0, 0, 0, 30, 0, 0, 0, 0, 25, 18, 73
"/Users/neil/Code/VTTS/TTS/tts/utils/text/phonemizers/ko_kr_phonemizer.py", "Python", 0, 0, 0, 34, 0, 0, 0, 0, 17, 15, 66
"/Users/neil/Code/VTTS/TTS/tts/utils/text/phonemizers/multi_phonemizer.py", "Python", 0, 0, 0, 31, 0, 0, 0, 0, 22, 13, 66
"/Users/neil/Code/VTTS/TTS/tts/utils/text/phonemizers/zh_cn_phonemizer.py", "Python", 0, 0, 0, 24, 0, 0, 0, 0, 24, 15, 63
"/Users/neil/Code/VTTS/TTS/tts/utils/text/punctuation.py", "Python", 0, 0, 0, 72, 0, 0, 0, 0, 71, 29, 172
"/Users/neil/Code/VTTS/TTS/tts/utils/text/tokenizer.py", "Python", 0, 0, 0, 127, 0, 0, 0, 0, 70, 20, 217
"/Users/neil/Code/VTTS/TTS/tts/utils/visual.py", "Python", 0, 0, 0, 167, 0, 0, 0, 0, 33, 39, 239
"/Users/neil/Code/VTTS/TTS/utils/__init__.py", "Python", 0, 0, 0, 0, 0, 0, 0, 0, 0, 1, 1
"/Users/neil/Code/VTTS/TTS/utils/audio/__init__.py", "Python", 0, 0, 0, 1, 0, 0, 0, 0, 0, 1, 2
"/Users/neil/Code/VTTS/TTS/utils/audio/numpy_transforms.py", "Python", 0, 0, 0, 228, 0, 0, 0, 0, 188, 70, 486
"/Users/neil/Code/VTTS/TTS/utils/audio/processor.py", "Python", 0, 0, 0, 334, 0, 0, 0, 0, 268, 32, 634
"/Users/neil/Code/VTTS/TTS/utils/audio/torch_transforms.py", "Python", 0, 0, 0, 88, 0, 0, 0, 0, 68, 10, 166
"/Users/neil/Code/VTTS/TTS/utils/callbacks.py", "Python", 0, 0, 0, 85, 0, 0, 0, 0, 0, 21, 106
"/Users/neil/Code/VTTS/TTS/utils/capacitron_optimizer.py", "Python", 0, 0, 0, 49, 0, 0, 0, 0, 3, 16, 68
"/Users/neil/Code/VTTS/TTS/utils/distribute.py", "Python", 0, 0, 0, 11, 0, 0, 0, 0, 3, 7, 21
"/Users/neil/Code/VTTS/TTS/utils/download.py", "Python", 0, 0, 0, 126, 0, 0, 0, 0, 51, 30, 207
"/Users/neil/Code/VTTS/TTS/utils/downloaders.py", "Python", 0, 0, 0, 74, 0, 0, 0, 0, 37, 16, 127
"/Users/neil/Code/VTTS/TTS/utils/generic_utils.py", "Python", 0, 0, 0, 156, 0, 0, 0, 0, 43, 43, 242
"/Users/neil/Code/VTTS/TTS/utils/io.py", "Python", 0, 0, 0, 44, 0, 0, 0, 0, 14, 13, 71
"/Users/neil/Code/VTTS/TTS/utils/manage.py", "Python", 0, 0, 0, 461, 0, 0, 0, 0, 115, 46, 622
"/Users/neil/Code/VTTS/TTS/utils/radam.py", "Python", 0, 0, 0, 85, 0, 0, 0, 0, 3, 18, 106
"/Users/neil/Code/VTTS/TTS/utils/samplers.py", "Python", 0, 0, 0, 123, 0, 0, 0, 0, 49, 30, 202
"/Users/neil/Code/VTTS/TTS/utils/synthesizer.py", "Python", 0, 0, 0, 333, 0, 0, 0, 0, 134, 39, 506
"/Users/neil/Code/VTTS/TTS/utils/training.py", "Python", 0, 0, 0, 35, 0, 0, 0, 0, 4, 6, 45
"/Users/neil/Code/VTTS/TTS/utils/vad.py", "Python", 0, 0, 0, 58, 0, 0, 0, 0, 9, 22, 89
"/Users/neil/Code/VTTS/TTS/vc/configs/__init__.py", "Python", 0, 0, 0, 0, 0, 0, 0, 0, 0, 1, 1
"/Users/neil/Code/VTTS/TTS/vc/configs/freevc_config.py", "Python", 0, 0, 0, 60, 0, 0, 0, 0, 199, 20, 279
"/Users/neil/Code/VTTS/TTS/vc/configs/shared_configs.py", "Python", 0, 0, 0, 35, 0, 0, 0, 0, 115, 6, 156
"/Users/neil/Code/VTTS/TTS/vc/models/__init__.py", "Python", 0, 0, 0, 12, 0, 0, 0, 0, 1, 5, 18
"/Users/neil/Code/VTTS/TTS/vc/models/base_vc.py", "Python", 0, 0, 0, 314, 0, 0, 0, 0, 75, 41, 430
"/Users/neil/Code/VTTS/TTS/vc/models/freevc.py", "Python", 0, 0, 0, 397, 0, 0, 0, 0, 90, 76, 563
"/Users/neil/Code/VTTS/TTS/vc/modules/__init__.py", "Python", 0, 0, 0, 0, 0, 0, 0, 0, 0, 1, 1
"/Users/neil/Code/VTTS/TTS/vc/modules/freevc/__init__.py", "Python", 0, 0, 0, 0, 0, 0, 0, 0, 0, 1, 1
"/Users/neil/Code/VTTS/TTS/vc/modules/freevc/commons.py", "Python", 0, 0, 0, 116, 0, 0, 0, 0, 6, 43, 165
"/Users/neil/Code/VTTS/TTS/vc/modules/freevc/mel_processing.py", "Python", 0, 0, 0, 88, 0, 0, 0, 0, 10, 28, 126
"/Users/neil/Code/VTTS/TTS/vc/modules/freevc/modules.py", "Python", 0, 0, 0, 334, 0, 0, 0, 0, 4, 50, 388
"/Users/neil/Code/VTTS/TTS/vc/modules/freevc/speaker_encoder/__init__.py", "Python", 0, 0, 0, 0, 0, 0, 0, 0, 0, 1, 1
"/Users/neil/Code/VTTS/TTS/vc/modules/freevc/speaker_encoder/audio.py", "Python", 0, 0, 0, 34, 0, 0, 0, 0, 19, 13, 66
"/Users/neil/Code/VTTS/TTS/vc/modules/freevc/speaker_encoder/hparams.py", "Python", 0, 0, 0, 12, 0, 0, 0, 0, 11, 9, 32
"/Users/neil/Code/VTTS/TTS/vc/modules/freevc/speaker_encoder/speaker_encoder.py", "Python", 0, 0, 0, 71, 0, 0, 0, 0, 83, 22, 176
"/Users/neil/Code/VTTS/TTS/vc/modules/freevc/wavlm/__init__.py", "Python", 0, 0, 0, 23, 0, 0, 0, 0, 1, 12, 36
"/Users/neil/Code/VTTS/TTS/vc/modules/freevc/wavlm/config.json", "JSON", 0, 99, 0, 0, 0, 0, 0, 0, 0, 0, 99
"/Users/neil/Code/VTTS/TTS/vc/modules/freevc/wavlm/modules.py", "Python", 0, 0, 0, 561, 0, 0, 0, 0, 96, 112, 769
"/Users/neil/Code/VTTS/TTS/vc/modules/freevc/wavlm/wavlm.py", "Python", 0, 0, 0, 560, 0, 0, 0, 0, 55, 105, 720
"/Users/neil/Code/VTTS/TTS/vocoder/README.md", "Markdown", 0, 0, 22, 0, 0, 0, 0, 0, 0, 18, 40
"/Users/neil/Code/VTTS/TTS/vocoder/__init__.py", "Python", 0, 0, 0, 0, 0, 0, 0, 0, 0, 1, 1
"/Users/neil/Code/VTTS/TTS/vocoder/configs/__init__.py", "Python", 0, 0, 0, 13, 0, 0, 0, 0, 2, 3, 18
"/Users/neil/Code/VTTS/TTS/vocoder/configs/fullband_melgan_config.py", "Python", 0, 0, 0, 37, 0, 0, 0, 0, 60, 10, 107
"/Users/neil/Code/VTTS/TTS/vocoder/configs/hifigan_config.py", "Python", 0, 0, 0, 43, 0, 0, 0, 0, 86, 8, 137
"/Users/neil/Code/VTTS/TTS/vocoder/configs/melgan_config.py", "Python", 0, 0, 0, 37, 0, 0, 0, 0, 60, 10, 107
"/Users/neil/Code/VTTS/TTS/vocoder/configs/multiband_melgan_config.py", "Python", 0, 0, 0, 45, 0, 0, 0, 0, 89, 11, 145
"/Users/neil/Code/VTTS/TTS/vocoder/configs/parallel_wavegan_config.py", "Python", 0, 0, 0, 48, 0, 0, 0, 0, 76, 11, 135
"/Users/neil/Code/VTTS/TTS/vocoder/configs/shared_configs.py", "Python", 0, 0, 0, 63, 0, 0, 0, 0, 105, 15, 183
"/Users/neil/Code/VTTS/TTS/vocoder/configs/univnet_config.py", "Python", 0, 0, 0, 63, 0, 0, 0, 0, 90, 9, 162
"/Users/neil/Code/VTTS/TTS/vocoder/configs/wavegrad_config.py", "Python", 0, 0, 0, 29, 0, 0, 0, 0, 53, 9, 91
"/Users/neil/Code/VTTS/TTS/vocoder/configs/wavernn_config.py", "Python", 0, 0, 0, 25, 0, 0, 0, 0, 69, 9, 103
"/Users/neil/Code/VTTS/TTS/vocoder/datasets/__init__.py", "Python", 0, 0, 0, 54, 0, 0, 0, 0, 0, 5, 59
"/Users/neil/Code/VTTS/TTS/vocoder/datasets/gan_dataset.py", "Python", 0, 0, 0, 112, 0, 0, 0, 0, 16, 25, 153
"/Users/neil/Code/VTTS/TTS/vocoder/datasets/preprocess.py", "Python", 0, 0, 0, 52, 0, 0, 0, 0, 8, 16, 76
"/Users/neil/Code/VTTS/TTS/vocoder/datasets/wavegrad_dataset.py", "Python", 0, 0, 0, 103, 0, 0, 0, 0, 24, 25, 152
"/Users/neil/Code/VTTS/TTS/vocoder/datasets/wavernn_dataset.py", "Python", 0, 0, 0, 92, 0, 0, 0, 0, 8, 19, 119
"/Users/neil/Code/VTTS/TTS/vocoder/layers/__init__.py", "Python", 0, 0, 0, 0, 0, 0, 0, 0, 0, 1, 1
"/Users/neil/Code/VTTS/TTS/vocoder/layers/hifigan.py", "Python", 0, 0, 0, 46, 0, 0, 0, 0, 1, 10, 57
"/Users/neil/Code/VTTS/TTS/vocoder/layers/losses.py", "Python", 0, 0, 0, 244, 0, 0, 0, 0, 55, 70, 369
"/Users/neil/Code/VTTS/TTS/vocoder/layers/lvc_block.py", "Python", 0, 0, 0, 136, 0, 0, 0, 0, 34, 29, 199
"/Users/neil/Code/VTTS/TTS/vocoder/layers/melgan.py", "Python", 0, 0, 0, 36, 0, 0, 0, 0, 0, 8, 44
"/Users/neil/Code/VTTS/TTS/vocoder/layers/parallel_wavegan.py", "Python", 0, 0, 0, 49, 0, 0, 0, 0, 14, 15, 78
"/Users/neil/Code/VTTS/TTS/vocoder/layers/pqmf.py", "Python", 0, 0, 0, 39, 0, 0, 0, 0, 2, 13, 54
"/Users/neil/Code/VTTS/TTS/vocoder/layers/upsample.py", "Python", 0, 0, 0, 72, 0, 0, 0, 0, 19, 12, 103
"/Users/neil/Code/VTTS/TTS/vocoder/layers/wavegrad.py", "Python", 0, 0, 0, 138, 0, 0, 0, 0, 1, 28, 167
"/Users/neil/Code/VTTS/TTS/vocoder/models/__init__.py", "Python", 0, 0, 0, 141, 0, 0, 0, 0, 4, 10, 155
"/Users/neil/Code/VTTS/TTS/vocoder/models/base_vocoder.py", "Python", 0, 0, 0, 26, 0, 0, 0, 0, 22, 8, 56
"/Users/neil/Code/VTTS/TTS/vocoder/models/fullband_melgan_generator.py", "Python", 0, 0, 0, 29, 0, 0, 0, 0, 0, 5, 34
"/Users/neil/Code/VTTS/TTS/vocoder/models/gan.py", "Python", 0, 0, 0, 206, 0, 0, 0, 0, 132, 37, 375
"/Users/neil/Code/VTTS/TTS/vocoder/models/hifigan_discriminator.py", "Python", 0, 0, 0, 112, 0, 0, 0, 0, 81, 25, 218
"/Users/neil/Code/VTTS/TTS/vocoder/models/hifigan_generator.py", "Python", 0, 0, 0, 198, 0, 0, 0, 0, 80, 24, 302
"/Users/neil/Code/VTTS/TTS/vocoder/models/melgan_discriminator.py", "Python", 0, 0, 0, 74, 0, 0, 0, 0, 3, 8, 85
"/Users/neil/Code/VTTS/TTS/vocoder/models/melgan_generator.py", "Python", 0, 0, 0, 77, 0, 0, 0, 0, 5, 14, 96
"/Users/neil/Code/VTTS/TTS/vocoder/models/melgan_multiscale_discriminator.py", "Python", 0, 0, 0, 44, 0, 0, 0, 0, 0, 7, 51
"/Users/neil/Code/VTTS/TTS/vocoder/models/multiband_melgan_generator.py", "Python", 0, 0, 0, 35, 0, 0, 0, 0, 0, 7, 42
"/Users/neil/Code/VTTS/TTS/vocoder/models/parallel_wavegan_discriminator.py", "Python", 0, 0, 0, 140, 0, 0, 0, 0, 22, 26, 188
"/Users/neil/Code/VTTS/TTS/vocoder/models/parallel_wavegan_generator.py", "Python", 0, 0, 0, 118, 0, 0, 0, 0, 22, 25, 165
"/Users/neil/Code/VTTS/TTS/vocoder/models/random_window_discriminator.py", "Python", 0, 0, 0, 157, 0, 0, 0, 0, 9, 38, 204
"/Users/neil/Code/VTTS/TTS/vocoder/models/univnet_discriminator.py", "Python", 0, 0, 0, 68, 0, 0, 0, 0, 10, 18, 96
"/Users/neil/Code/VTTS/TTS/vocoder/models/univnet_generator.py", "Python", 0, 0, 0, 94, 0, 0, 0, 0, 40, 24, 158
"/Users/neil/Code/VTTS/TTS/vocoder/models/wavegrad.py", "Python", 0, 0, 0, 257, 0, 0, 0, 0, 42, 47, 346
"/Users/neil/Code/VTTS/TTS/vocoder/models/wavernn.py", "Python", 0, 0, 0, 446, 0, 0, 0, 0, 113, 88, 647
"/Users/neil/Code/VTTS/TTS/vocoder/utils/__init__.py", "Python", 0, 0, 0, 0, 0, 0, 0, 0, 0, 1, 1
"/Users/neil/Code/VTTS/TTS/vocoder/utils/distribution.py", "Python", 0, 0, 0, 85, 0, 0, 0, 0, 37, 33, 155
"/Users/neil/Code/VTTS/TTS/vocoder/utils/generic_utils.py", "Python", 0, 0, 0, 39, 0, 0, 0, 0, 23, 11, 73
"/Users/neil/Code/VTTS/main.js", "JavaScript", 19, 0, 0, 0, 0, 0, 0, 0, 1, 5, 25
"/Users/neil/Code/VTTS/package-lock.json", "JSON", 0, 248, 0, 0, 0, 0, 0, 0, 0, 0, 248
"/Users/neil/Code/VTTS/package.json", "JSON", 0, 1, 0, 0, 0, 0, 0, 0, 0, 0, 1
"/Users/neil/Code/VTTS/preload.js", "JavaScript", 2, 0, 0, 0, 0, 0, 0, 0, 0, 0, 2
"/Users/neil/Code/VTTS/vtts_react/package-lock.json", "JSON", 0, 23, 0, 0, 0, 0, 0, 0, 0, 0, 23
"/Users/neil/Code/VTTS/vtts_react/package.json", "JSON", 0, 3, 0, 0, 0, 0, 0, 0, 0, 0, 3
"/Users/neil/Code/VTTS/vtts_react/src/Components/Navigator/Navigation.jsx", "JavaScript React", 0, 0, 0, 0, 1, 0, 0, 0, 0, 1, 2
"/Users/neil/Code/VTTS/vtts_react/src/Components/Pages/Player.jsx", "JavaScript React", 0, 0, 0, 0, -79, 0, 0, 0, 4, 13, -62
"/Users/neil/Code/VTTS/vtts_react/src/Components/Pages/TTS.jsx", "JavaScript React", 0, 0, 0, 0, -5, 0, 0, 0, -1, 2, -4
"/Users/neil/Code/VTTS/vtts_react/src/Components/Pages/pg1.jsx", "JavaScript React", 0, 0, 0, 0, -9, 0, 0, 0, 0, -2, -11
"Total", "-", 21, 1325, 51, 41024, -92, 243383, 2, 13882, 22640, 47651, 369887